{
 "segment": "PY1_23",
 "glb": "D:\\Projects\\Inspection\\mbi_app_v2\\models_3d\\viewer\\models\\PY1_23.glb",
 "bounds_el": [
  103.307,
  106.807
 ],
 "bbox_w": 3162.2,
 "bbox_d": 5500.0,
 "watertight": true,
 "volume_m3": 37.89,
 "slices": {
  "EL103.357": [
   {
    "outer_bounds": [
     -2.75,
     -1.5728523515530577,
     2.75,
     1.5728523515530577
    ],
    "outer_w": 5500.0,
    "outer_d": 3145.7,
    "holes": [
     {
      "bounds": [
       -0.4,
       -0.4,
       0.4,
       0.4
      ],
      "w": 800.0,
      "d": 800.0
     }
    ]
   }
  ],
  "EL105.057": [
   {
    "outer_bounds": [
     -2.75,
     -1.2924495174782193,
     2.75,
     1.2924495174782193
    ],
    "outer_w": 5500.0,
    "outer_d": 2584.9,
    "holes": [
     {
      "bounds": [
       -0.4,
       -0.4,
       0.4,
       0.4
      ],
      "w": 800.0,
      "d": 800.0
     }
    ]
   }
  ],
  "EL106.757": [
   {
    "outer_bounds": [
     -2.75,
     -1.012046683403381,
     2.75,
     1.012046683403381
    ],
    "outer_w": 5500.0,
    "outer_d": 2024.1,
    "holes": [
     {
      "bounds": [
       -0.4,
       -0.4,
       0.4,
       0.4
      ],
      "w": 800.0,
      "d": 800.0
     }
    ]
   }
  ]
 }
}