{
 "segment": "PY1_c",
 "glb": "D:\\Projects\\Inspection\\mbi_app_v2\\models_3d\\viewer\\models\\PY1_c.glb",
 "bounds_el": [
  12.871,
  16.425
 ],
 "bbox_w": 14266.4,
 "bbox_d": 5873.2,
 "watertight": true,
 "volume_m3": 158.17,
 "slices": {
  "EL14.500": [
   {
    "outer_bounds": [
     -2.9237037911907886,
     -6.877176974438345,
     2.9237037911907886,
     6.877176974438345
    ],
    "outer_w": 5847.4,
    "outer_d": 13754.4,
    "holes": [
     {
      "bounds": [
       -1.614,
       -5.7772,
       1.614,
       -0.9232
      ],
      "w": 3228.0,
      "d": 4854.0
     },
     {
      "bounds": [
       -1.614,
       0.9232,
       1.614,
       5.7772
      ],
      "w": 3228.0,
      "d": 4854.0
     }
    ]
   }
  ],
  "EL15.500": [
   {
    "outer_bounds": [
     -2.915787102271721,
     -6.988269082152522,
     2.915787102271721,
     6.988269082152522
    ],
    "outer_w": 5831.6,
    "outer_d": 13976.5,
    "holes": [
     {
      "bounds": [
       -1.614,
       -5.8883,
       1.614,
       -1.2247
      ],
      "w": 3228.0,
      "d": 4663.5
     },
     {
      "bounds": [
       -1.614,
       1.2247,
       1.614,
       5.8883
      ],
      "w": 3228.0,
      "d": 4663.5
     }
    ]
   }
  ],
  "EL15.900": [
   {
    "outer_bounds": [
     -2.912619639814461,
     -7.044783779874057,
     2.912619546187796,
     -0.7679998765105818
    ],
    "outer_w": 5825.2,
    "outer_d": 6276.8,
    "holes": [
     {
      "bounds": [
       -1.614,
       -5.9448,
       1.614,
       -1.361
      ],
      "w": 3228.0,
      "d": 4583.9
     }
    ]
   },
   {
    "outer_bounds": [
     -2.9126196398144613,
     0.7679998765105818,
     2.9126195461877957,
     7.044783779874057
    ],
    "outer_w": 5825.2,
    "outer_d": 6276.8,
    "holes": [
     {
      "bounds": [
       -1.614,
       1.361,
       1.614,
       5.9448
      ],
      "w": 3228.0,
      "d": 4583.9
     }
    ]
   }
  ]
 }
}