{
 "segment": "PY1_11",
 "glb": "D:\\Projects\\Inspection\\mbi_app_v2\\models_3d\\viewer\\models\\PY1_11.glb",
 "bounds_el": [
  72.425,
  76.425
 ],
 "bbox_w": 13349.6,
 "bbox_d": 5500.0,
 "watertight": true,
 "volume_m3": 92.88,
 "slices": {
  "EL72.475": [
   {
    "outer_bounds": [
     -2.75,
     -6.66655255941888,
     2.75,
     -3.366552607102596
    ],
    "outer_w": 5500.0,
    "outer_d": 3300.0,
    "holes": [
     {
      "bounds": [
       -1.614,
       -5.5666,
       1.614,
       -3.9666
      ],
      "w": 3228.0,
      "d": 1600.0
     }
    ]
   },
   {
    "outer_bounds": [
     -2.75,
     3.366552607102596,
     2.75,
     6.66655255941888
    ],
    "outer_w": 5500.0,
    "outer_d": 3300.0,
    "holes": [
     {
      "bounds": [
       -1.614,
       3.9666,
       1.614,
       5.5666
      ],
      "w": 3228.0,
      "d": 1600.0
     }
    ]
   }
  ],
  "EL74.425": [
   {
    "outer_bounds": [
     -2.75,
     -6.344900033755504,
     2.75,
     -3.04490008143922
    ],
    "outer_w": 5500.0,
    "outer_d": 3300.0,
    "holes": [
     {
      "bounds": [
       -1.614,
       -5.2449,
       1.614,
       -3.6449
      ],
      "w": 3228.0,
      "d": 1600.0
     }
    ]
   },
   {
    "outer_bounds": [
     -2.75,
     3.04490008143922,
     2.75,
     6.344900033755504
    ],
    "outer_w": 5500.0,
    "outer_d": 3300.0,
    "holes": [
     {
      "bounds": [
       -1.614,
       3.6449,
       1.614,
       5.2449
      ],
      "w": 3228.0,
      "d": 1600.0
     }
    ]
   }
  ],
  "EL76.375": [
   {
    "outer_bounds": [
     -2.75,
     -6.023247508092128,
     2.75,
     -2.7232475557758438
    ],
    "outer_w": 5500.0,
    "outer_d": 3300.0,
    "holes": [
     {
      "bounds": [
       -1.614,
       -4.9232,
       1.614,
       -3.3232
      ],
      "w": 3228.0,
      "d": 1600.0
     }
    ]
   },
   {
    "outer_bounds": [
     -2.75,
     2.7232475557758438,
     2.75,
     6.023247508092128
    ],
    "outer_w": 5500.0,
    "outer_d": 3300.0,
    "holes": [
     {
      "bounds": [
       -1.614,
       3.3232,
       1.614,
       4.9232
      ],
      "w": 3228.0,
      "d": 1600.0
     }
    ]
   }
  ]
 }
}