{
 "segment": "PY1_b",
 "glb": "D:\\Projects\\Inspection\\mbi_app_v2\\models_3d\\viewer\\models\\PY1_b.glb",
 "bounds_el": [
  8.871,
  12.871
 ],
 "bbox_w": 13600.0,
 "bbox_d": 5936.6,
 "watertight": true,
 "volume_m3": 171.72,
 "slices": {
  "EL8.900": [
   {
    "outer_bounds": [
     -2.9680707484839566,
     -6.800000190734863,
     2.9680707484839566,
     6.800000190734863
    ],
    "outer_w": 5936.1,
    "outer_d": 13600.0,
    "holes": [
     {
      "bounds": [
       -1.614,
       0.3,
       1.614,
       5.7
      ],
      "w": 3228.0,
      "d": 5400.0
     },
     {
      "bounds": [
       -1.614,
       -5.7,
       1.614,
       -0.3
      ],
      "w": 3228.0,
      "d": 5400.0
     }
    ]
   }
  ],
  "EL11.000": [
   {
    "outer_bounds": [
     -2.951452892139491,
     -6.800000190734863,
     2.951452892139491,
     6.800000190734863
    ],
    "outer_w": 5902.9,
    "outer_d": 13600.0,
    "holes": [
     {
      "bounds": [
       -1.614,
       0.3393,
       1.614,
       5.7
      ],
      "w": 3228.0,
      "d": 5360.6
     },
     {
      "bounds": [
       -1.614,
       -5.7,
       1.614,
       -0.3393
      ],
      "w": 3228.0,
      "d": 5360.6
     }
    ]
   }
  ],
  "EL12.800": [
   {
    "outer_bounds": [
     -2.9371664567624656,
     -6.800000190734863,
     2.9371664567624656,
     6.800000190734863
    ],
    "outer_w": 5874.3,
    "outer_d": 13600.0,
    "holes": [
     {
      "bounds": [
       -1.614,
       -5.7,
       1.614,
       -0.5509
      ],
      "w": 3228.0,
      "d": 5149.2
     },
     {
      "bounds": [
       -1.614,
       0.5509,
       1.614,
       5.7
      ],
      "w": 3228.0,
      "d": 5149.2
     }
    ]
   }
  ]
 }
}