{
 "segment": "PY1_5",
 "glb": "D:\\Projects\\Inspection\\mbi_app_v2\\models_3d\\viewer\\models\\PY1_5.glb",
 "bounds_el": [
  48.425,
  52.425
 ],
 "bbox_w": 21267.2,
 "bbox_d": 5500.0,
 "watertight": true,
 "volume_m3": 92.88,
 "slices": {
  "EL48.475": [
   {
    "outer_bounds": [
     -2.75,
     -10.625352869315451,
     2.75,
     -7.325352684540951
    ],
    "outer_w": 5500.0,
    "outer_d": 3300.0,
    "holes": [
     {
      "bounds": [
       -1.614,
       -9.5254,
       1.614,
       -7.9254
      ],
      "w": 3228.0,
      "d": 1600.0
     }
    ]
   },
   {
    "outer_bounds": [
     -2.75,
     7.325352684540951,
     2.75,
     10.625352869315451
    ],
    "outer_w": 5500.0,
    "outer_d": 3300.0,
    "holes": [
     {
      "bounds": [
       -1.614,
       7.9254,
       1.614,
       9.5254
      ],
      "w": 3228.0,
      "d": 1600.0
     }
    ]
   }
  ],
  "EL50.425": [
   {
    "outer_bounds": [
     -2.75,
     -10.303700111193962,
     2.75,
     -7.003700158877575
    ],
    "outer_w": 5500.0,
    "outer_d": 3300.0,
    "holes": [
     {
      "bounds": [
       -1.614,
       -9.2037,
       1.614,
       -7.6037
      ],
      "w": 3228.0,
      "d": 1600.0
     }
    ]
   },
   {
    "outer_bounds": [
     -2.75,
     7.003700158877575,
     2.75,
     10.303700111193962
    ],
    "outer_w": 5500.0,
    "outer_d": 3300.0,
    "holes": [
     {
      "bounds": [
       -1.614,
       7.6037,
       1.614,
       9.2037
      ],
      "w": 3228.0,
      "d": 1600.0
     }
    ]
   }
  ],
  "EL52.375": [
   {
    "outer_bounds": [
     -2.75,
     6.682047633214199,
     2.75,
     9.98204735307247
    ],
    "outer_w": 5500.0,
    "outer_d": 3300.0,
    "holes": [
     {
      "bounds": [
       -1.614,
       7.282,
       1.614,
       8.882
      ],
      "w": 3228.0,
      "d": 1600.0
     }
    ]
   },
   {
    "outer_bounds": [
     -2.75,
     -9.98204735307247,
     2.75,
     -6.682047633214199
    ],
    "outer_w": 5500.0,
    "outer_d": 3300.0,
    "holes": [
     {
      "bounds": [
       -1.614,
       -8.882,
       1.614,
       -7.282
      ],
      "w": 3228.0,
      "d": 1600.0
     }
    ]
   }
  ]
 }
}