{
 "segment": "PY1_7",
 "glb": "D:\\Projects\\Inspection\\mbi_app_v2\\models_3d\\viewer\\models\\PY1_7.glb",
 "bounds_el": [
  56.425,
  60.425
 ],
 "bbox_w": 18628.0,
 "bbox_d": 5500.0,
 "watertight": true,
 "volume_m3": 92.88,
 "slices": {
  "EL56.475": [
   {
    "outer_bounds": [
     -2.75,
     6.005752579255306,
     2.75,
     9.305752764029807
    ],
    "outer_w": 5500.0,
    "outer_d": 3300.0,
    "holes": [
     {
      "bounds": [
       -1.614,
       6.6058,
       1.614,
       8.2058
      ],
      "w": 3228.0,
      "d": 1600.0
     }
    ]
   },
   {
    "outer_bounds": [
     -2.75,
     -9.305752764029807,
     2.75,
     -6.005752579255306
    ],
    "outer_w": 5500.0,
    "outer_d": 3300.0,
    "holes": [
     {
      "bounds": [
       -1.614,
       -8.2058,
       1.614,
       -6.6058
      ],
      "w": 3228.0,
      "d": 1600.0
     }
    ]
   }
  ],
  "EL58.425": [
   {
    "outer_bounds": [
     -2.75,
     5.684100053591931,
     2.75,
     8.984100005908317
    ],
    "outer_w": 5500.0,
    "outer_d": 3300.0,
    "holes": [
     {
      "bounds": [
       -1.614,
       6.2841,
       1.614,
       7.8841
      ],
      "w": 3228.0,
      "d": 1600.0
     }
    ]
   },
   {
    "outer_bounds": [
     -2.75,
     -8.984100005908317,
     2.75,
     -5.684100053591931
    ],
    "outer_w": 5500.0,
    "outer_d": 3300.0,
    "holes": [
     {
      "bounds": [
       -1.614,
       -7.8841,
       1.614,
       -6.2841
      ],
      "w": 3228.0,
      "d": 1600.0
     }
    ]
   }
  ],
  "EL60.375": [
   {
    "outer_bounds": [
     -2.75,
     -8.662447247786826,
     2.75,
     -5.362447527928555
    ],
    "outer_w": 5500.0,
    "outer_d": 3300.0,
    "holes": [
     {
      "bounds": [
       -1.614,
       -7.5624,
       1.614,
       -5.9624
      ],
      "w": 3228.0,
      "d": 1600.0
     }
    ]
   },
   {
    "outer_bounds": [
     -2.75,
     5.362447527928555,
     2.75,
     8.662447247786826
    ],
    "outer_w": 5500.0,
    "outer_d": 3300.0,
    "holes": [
     {
      "bounds": [
       -1.614,
       5.9624,
       1.614,
       7.5624
      ],
      "w": 3228.0,
      "d": 1600.0
     }
    ]
   }
  ]
 }
}