{
 "segment": "PY1_f",
 "glb": "D:\\Projects\\Inspection\\mbi_app_v2\\models_3d\\viewer\\models\\PY1_f.glb",
 "bounds_el": [
  24.425,
  28.425
 ],
 "bbox_w": 24054.4,
 "bbox_d": 5690.2,
 "watertight": true,
 "volume_m3": 104.32,
 "slices": {
  "EL24.500": [
   {
    "outer_bounds": [
     -2.8445047704910085,
     6.140850992002799,
     2.8445047704910085,
     10.220783881896866
    ],
    "outer_w": 5689.0,
    "outer_d": 4079.9,
    "holes": [
     {
      "bounds": [
       -1.614,
       6.7409,
       1.614,
       9.1208
      ],
      "w": 3228.0,
      "d": 2379.9
     }
    ]
   },
   {
    "outer_bounds": [
     -2.8445047704910085,
     -10.220783881896866,
     2.8445047704910085,
     -6.140850992002799
    ],
    "outer_w": 5689.0,
    "outer_d": 4079.9,
    "holes": [
     {
      "bounds": [
       -1.614,
       -9.1208,
       1.614,
       -6.7409
      ],
      "w": 3228.0,
      "d": 2379.9
     }
    ]
   }
  ],
  "EL26.400": [
   {
    "outer_bounds": [
     -2.593663123106922,
     7.512500230154303,
     3.065236650331921,
     11.14520010228243
    ],
    "outer_w": 5658.9,
    "outer_d": 3632.7,
    "holes": [
     {
      "bounds": [
       -1.3782,
       8.1126,
       1.8498,
       10.0452
      ],
      "w": 3228.0,
      "d": 1932.6
     }
    ]
   },
   {
    "outer_bounds": [
     -2.593663123106922,
     -11.14520010228243,
     3.065236650331921,
     -7.512500230154303
    ],
    "outer_w": 5658.9,
    "outer_d": 3632.7,
    "holes": [
     {
      "bounds": [
       -1.3782,
       -10.0452,
       1.8498,
       -8.1126
      ],
      "w": 3228.0,
      "d": 1932.6
     }
    ]
   }
  ],
  "EL28.400": [
   {
    "outer_bounds": [
     -2.8135970963088495,
     -12.017964184505331,
     2.8135970963088495,
     -8.583634922559517
    ],
    "outer_w": 5627.2,
    "outer_d": 3434.3,
    "holes": [
     {
      "bounds": [
       -1.614,
       -10.918,
       1.614,
       -9.1836
      ],
      "w": 3228.0,
      "d": 1734.3
     }
    ]
   },
   {
    "outer_bounds": [
     -2.8135970963088495,
     8.583634922559517,
     2.8135970963088495,
     12.017964184505331
    ],
    "outer_w": 5627.2,
    "outer_d": 3434.3,
    "holes": [
     {
      "bounds": [
       -1.614,
       9.1836,
       1.614,
       10.918
      ],
      "w": 3228.0,
      "d": 1734.3
     }
    ]
   }
  ]
 }
}