{
 "segment": "PY1_4",
 "glb": "D:\\Projects\\Inspection\\mbi_app_v2\\models_3d\\viewer\\models\\PY1_4.glb",
 "bounds_el": [
  44.425,
  48.425
 ],
 "bbox_w": 22586.8,
 "bbox_d": 5500.0,
 "watertight": true,
 "volume_m3": 92.88,
 "slices": {
  "EL44.475": [
   {
    "outer_bounds": [
     -2.75,
     -11.285152457041841,
     2.75,
     -7.985152737183773
    ],
    "outer_w": 5500.0,
    "outer_d": 3300.0,
    "holes": [
     {
      "bounds": [
       -1.614,
       -10.1852,
       1.614,
       -8.5852
      ],
      "w": 3228.0,
      "d": 1600.0
     }
    ]
   },
   {
    "outer_bounds": [
     -2.75,
     7.985152737183773,
     2.75,
     11.285152457041841
    ],
    "outer_w": 5500.0,
    "outer_d": 3300.0,
    "holes": [
     {
      "bounds": [
       -1.614,
       8.5852,
       1.614,
       10.1852
      ],
      "w": 3228.0,
      "d": 1600.0
     }
    ]
   }
  ],
  "EL46.425": [
   {
    "outer_bounds": [
     -2.75,
     -10.96350016383658,
     2.75,
     -7.663500211520398
    ],
    "outer_w": 5500.0,
    "outer_d": 3300.0,
    "holes": [
     {
      "bounds": [
       -1.614,
       -9.8635,
       1.614,
       -8.2635
      ],
      "w": 3228.0,
      "d": 1600.0
     }
    ]
   },
   {
    "outer_bounds": [
     -2.75,
     7.663500211520398,
     2.75,
     10.96350016383658
    ],
    "outer_w": 5500.0,
    "outer_d": 3300.0,
    "holes": [
     {
      "bounds": [
       -1.614,
       8.2635,
       1.614,
       9.8635
      ],
      "w": 3228.0,
      "d": 1600.0
     }
    ]
   }
  ],
  "EL48.375": [
   {
    "outer_bounds": [
     -2.75,
     7.341847685857021,
     2.75,
     10.641847870631318
    ],
    "outer_w": 5500.0,
    "outer_d": 3300.0,
    "holes": [
     {
      "bounds": [
       -1.614,
       7.9418,
       1.614,
       9.5418
      ],
      "w": 3228.0,
      "d": 1600.0
     }
    ]
   },
   {
    "outer_bounds": [
     -2.75,
     -10.641847870631318,
     2.75,
     -7.341847685857021
    ],
    "outer_w": 5500.0,
    "outer_d": 3300.0,
    "holes": [
     {
      "bounds": [
       -1.614,
       -9.5418,
       1.614,
       -7.9418
      ],
      "w": 3228.0,
      "d": 1600.0
     }
    ]
   }
  ]
 }
}