{
 "segment": "PY1_d",
 "glb": "D:\\Projects\\Inspection\\mbi_app_v2\\models_3d\\viewer\\models\\PY1_d.glb",
 "bounds_el": [
  16.425,
  20.425
 ],
 "bbox_w": 16586.8,
 "bbox_d": 5816.9,
 "watertight": true,
 "volume_m3": 148.77,
 "slices": {
  "EL16.500": [
   {
    "outer_bounds": [
     -2.907858674133903,
     0.9897739066402069,
     2.907858674133903,
     7.148177646059371
    ],
    "outer_w": 5815.7,
    "outer_d": 6158.4,
    "holes": [
     {
      "bounds": [
       -1.614,
       1.5898,
       1.614,
       6.0482
      ],
      "w": 3228.0,
      "d": 4458.4
     }
    ]
   },
   {
    "outer_bounds": [
     -2.907858674133903,
     -7.148177646059371,
     2.907858674133903,
     -0.9897739066402069
    ],
    "outer_w": 5815.7,
    "outer_d": 6158.4,
    "holes": [
     {
      "bounds": [
       -1.614,
       -6.0482,
       1.614,
       -1.5898
      ],
      "w": 3228.0,
      "d": 4458.4
     }
    ]
   }
  ],
  "EL18.425": [
   {
    "outer_bounds": [
     -2.8926000587286116,
     1.8939000936296706,
     2.8926000587286116,
     7.60290005866742
    ],
    "outer_w": 5785.2,
    "outer_d": 5709.0,
    "holes": [
     {
      "bounds": [
       -1.614,
       2.4939,
       1.614,
       6.5029
      ],
      "w": 3228.0,
      "d": 4009.0
     }
    ]
   },
   {
    "outer_bounds": [
     -2.8926000587286116,
     -7.60290005866742,
     2.8926000587286116,
     -1.8939000936296706
    ],
    "outer_w": 5785.2,
    "outer_d": 5709.0,
    "holes": [
     {
      "bounds": [
       -1.614,
       -6.5029,
       1.614,
       -2.4939
      ],
      "w": 3228.0,
      "d": 4009.0
     }
    ]
   }
  ],
  "EL20.400": [
   {
    "outer_bounds": [
     -2.8769486439988516,
     -8.283797153720359,
     2.8769486439988516,
     -3.1435051231392475
    ],
    "outer_w": 5753.9,
    "outer_d": 5140.3,
    "holes": [
     {
      "bounds": [
       -1.614,
       -7.1838,
       1.614,
       -3.7435
      ],
      "w": 3228.0,
      "d": 3440.3
     }
    ]
   },
   {
    "outer_bounds": [
     -2.8769486439988516,
     3.1435051231392475,
     2.8769486439988516,
     8.283797153720359
    ],
    "outer_w": 5753.9,
    "outer_d": 5140.3,
    "holes": [
     {
      "bounds": [
       -1.614,
       3.7435,
       1.614,
       7.1838
      ],
      "w": 3228.0,
      "d": 3440.3
     }
    ]
   }
  ]
 }
}