{
 "segment": "PY1_top",
 "glb": "D:\\Projects\\Inspection\\mbi_app_v2\\models_3d\\viewer\\models\\PY1_top.glb",
 "bounds_el": [
  106.807,
  109.86
 ],
 "bbox_w": 2007.6,
 "bbox_d": 5500.0,
 "watertight": true,
 "volume_m3": 10.5,
 "slices": {
  "EL106.857": [
   {
    "outer_bounds": [
     -2.853303319696774,
     -0.9767694942674673,
     2.646696680303226,
     1.014334342661905
    ],
    "outer_w": 5500.0,
    "outer_d": 1991.1,
    "holes": [
     {
      "bounds": [
       -2.3533,
       -0.4679,
       2.1467,
       0.5055
      ],
      "w": 4500.0,
      "d": 973.4
     }
    ]
   }
  ],
  "EL108.333": [
   {
    "outer_bounds": [
     -2.7194860213075214,
     -0.7576300981795948,
     2.7805139786924786,
     0.7465340926949984
    ],
    "outer_w": 5500.0,
    "outer_d": 1504.2,
    "holes": [
     {
      "bounds": [
       -2.2195,
       -0.2562,
       2.2805,
       0.2452
      ],
      "w": 4500.0,
      "d": 501.4
     }
    ]
   }
  ],
  "EL109.810": [
   {
    "outer_bounds": [
     -2.75,
     -0.22239837875168855,
     -1.576421693187869,
     0.2223821146274392
    ],
    "outer_w": 1173.6,
    "outer_d": 444.8,
    "holes": []
   },
   {
    "outer_bounds": [
     1.576421693187869,
     -0.2223821146274392,
     2.75,
     0.22239837875168855
    ],
    "outer_w": 1173.6,
    "outer_d": 444.8,
    "holes": []
   }
  ]
 }
}