{
 "segment": "PY1_9",
 "glb": "D:\\Projects\\Inspection\\mbi_app_v2\\models_3d\\viewer\\models\\PY1_9.glb",
 "bounds_el": [
  64.425,
  68.425
 ],
 "bbox_w": 15988.8,
 "bbox_d": 5500.0,
 "watertight": true,
 "volume_m3": 92.88,
 "slices": {
  "EL64.475": [
   {
    "outer_bounds": [
     -2.75,
     -7.986152664704526,
     2.75,
     -4.6861524739696625
    ],
    "outer_w": 5500.0,
    "outer_d": 3300.0,
    "holes": [
     {
      "bounds": [
       -1.614,
       -6.8862,
       1.614,
       -5.2862
      ],
      "w": 3228.0,
      "d": 1600.0
     }
    ]
   },
   {
    "outer_bounds": [
     -2.75,
     4.6861524739696625,
     2.75,
     7.986152664704526
    ],
    "outer_w": 5500.0,
    "outer_d": 3300.0,
    "holes": [
     {
      "bounds": [
       -1.614,
       5.2862,
       1.614,
       6.8862
      ],
      "w": 3228.0,
      "d": 1600.0
     }
    ]
   }
  ],
  "EL66.425": [
   {
    "outer_bounds": [
     -2.75,
     -7.66450013904115,
     2.75,
     -4.364499948306286
    ],
    "outer_w": 5500.0,
    "outer_d": 3300.0,
    "holes": [
     {
      "bounds": [
       -1.614,
       -6.5645,
       1.614,
       -4.9645
      ],
      "w": 3228.0,
      "d": 1600.0
     }
    ]
   },
   {
    "outer_bounds": [
     -2.75,
     4.364499948306286,
     2.75,
     7.66450013904115
    ],
    "outer_w": 5500.0,
    "outer_d": 3300.0,
    "holes": [
     {
      "bounds": [
       -1.614,
       4.9645,
       1.614,
       6.5645
      ],
      "w": 3228.0,
      "d": 1600.0
     }
    ]
   }
  ],
  "EL68.375": [
   {
    "outer_bounds": [
     -2.75,
     4.04284742264291,
     2.75,
     7.342847613377773
    ],
    "outer_w": 5500.0,
    "outer_d": 3300.0,
    "holes": [
     {
      "bounds": [
       -1.614,
       4.6428,
       1.614,
       6.2428
      ],
      "w": 3228.0,
      "d": 1600.0
     }
    ]
   },
   {
    "outer_bounds": [
     -2.75,
     -7.342847613377773,
     2.75,
     -4.04284742264291
    ],
    "outer_w": 5500.0,
    "outer_d": 3300.0,
    "holes": [
     {
      "bounds": [
       -1.614,
       -6.2428,
       1.614,
       -4.6428
      ],
      "w": 3228.0,
      "d": 1600.0
     }
    ]
   }
  ]
 }
}