{
 "segment": "PY1_2",
 "glb": "D:\\Projects\\Inspection\\mbi_app_v2\\models_3d\\viewer\\models\\PY1_2.glb",
 "bounds_el": [
  36.425,
  40.425
 ],
 "bbox_w": 25226.0,
 "bbox_d": 5500.0,
 "watertight": true,
 "volume_m3": 91.68,
 "slices": {
  "EL36.500": [
   {
    "outer_bounds": [
     -2.6420577215278627,
     9.300628624243837,
     2.8579422784721373,
     12.6006288149787
    ],
    "outer_w": 5500.0,
    "outer_d": 3300.0,
    "holes": [
     {
      "bounds": [
       -1.5061,
       9.9006,
       1.7219,
       11.5006
      ],
      "w": 3228.0,
      "d": 1600.0
     }
    ]
   },
   {
    "outer_bounds": [
     -2.6420577215278627,
     -12.6006288149787,
     2.8579422784721373,
     -9.300628624243837
    ],
    "outer_w": 5500.0,
    "outer_d": 3300.0,
    "holes": [
     {
      "bounds": [
       -1.5061,
       -11.5006,
       1.7219,
       -9.9006
      ],
      "w": 3228.0,
      "d": 1600.0
     }
    ]
   }
  ],
  "EL37.200": [
   {
    "outer_bounds": [
     -2.788823396213866,
     -12.485163889212709,
     2.711176603786134,
     -9.185163698477846
    ],
    "outer_w": 5500.0,
    "outer_d": 3300.0,
    "holes": [
     {
      "bounds": [
       -1.6528,
       -11.3852,
       1.5752,
       -9.2805
      ],
      "w": 3228.0,
      "d": 2104.7
     }
    ]
   },
   {
    "outer_bounds": [
     -2.788823396213866,
     9.185163698477846,
     2.711176603786134,
     12.485163889212709
    ],
    "outer_w": 5500.0,
    "outer_d": 3300.0,
    "holes": [
     {
      "bounds": [
       -1.6528,
       9.2805,
       1.5752,
       11.3852
      ],
      "w": 3228.0,
      "d": 2104.7
     }
    ]
   }
  ],
  "EL40.400": [
   {
    "outer_bounds": [
     -2.5906251681544696,
     8.657324037833314,
     2.909374831845531,
     11.957324228568178
    ],
    "outer_w": 5500.0,
    "outer_d": 3300.0,
    "holes": [
     {
      "bounds": [
       -1.4546,
       9.2573,
       1.7734,
       10.8573
      ],
      "w": 3228.0,
      "d": 1600.0
     }
    ]
   },
   {
    "outer_bounds": [
     -2.590625168154465,
     -11.957324228568178,
     2.9093748318455352,
     -8.657324037833314
    ],
    "outer_w": 5500.0,
    "outer_d": 3300.0,
    "holes": [
     {
      "bounds": [
       -1.4546,
       -10.8573,
       1.7734,
       -9.2573
      ],
      "w": 3228.0,
      "d": 1600.0
     }
    ]
   }
  ]
 }
}