{
 "segment": "PY1_6",
 "glb": "D:\\Projects\\Inspection\\mbi_app_v2\\models_3d\\viewer\\models\\PY1_6.glb",
 "bounds_el": [
  52.425,
  56.425
 ],
 "bbox_w": 19947.6,
 "bbox_d": 5500.0,
 "watertight": true,
 "volume_m3": 92.88,
 "slices": {
  "EL52.475": [
   {
    "outer_bounds": [
     -2.75,
     6.665552631898128,
     2.75,
     9.965552351756196
    ],
    "outer_w": 5500.0,
    "outer_d": 3300.0,
    "holes": [
     {
      "bounds": [
       -1.614,
       7.2656,
       1.614,
       8.8656
      ],
      "w": 3228.0,
      "d": 1600.0
     }
    ]
   },
   {
    "outer_bounds": [
     -2.75,
     -9.965552351756196,
     2.75,
     -6.665552631898128
    ],
    "outer_w": 5500.0,
    "outer_d": 3300.0,
    "holes": [
     {
      "bounds": [
       -1.614,
       -8.8656,
       1.614,
       -7.2656
      ],
      "w": 3228.0,
      "d": 1600.0
     }
    ]
   }
  ],
  "EL54.425": [
   {
    "outer_bounds": [
     -2.75,
     -9.643900058550935,
     2.75,
     -6.343900106234753
    ],
    "outer_w": 5500.0,
    "outer_d": 3300.0,
    "holes": [
     {
      "bounds": [
       -1.614,
       -8.5439,
       1.614,
       -6.9439
      ],
      "w": 3228.0,
      "d": 1600.0
     }
    ]
   },
   {
    "outer_bounds": [
     -2.75,
     6.343900106234753,
     2.75,
     9.643900058550935
    ],
    "outer_w": 5500.0,
    "outer_d": 3300.0,
    "holes": [
     {
      "bounds": [
       -1.614,
       6.9439,
       1.614,
       8.5439
      ],
      "w": 3228.0,
      "d": 1600.0
     }
    ]
   }
  ],
  "EL56.375": [
   {
    "outer_bounds": [
     -2.75,
     -9.322247765345674,
     2.75,
     -6.022247580571377
    ],
    "outer_w": 5500.0,
    "outer_d": 3300.0,
    "holes": [
     {
      "bounds": [
       -1.614,
       -8.2222,
       1.614,
       -6.6222
      ],
      "w": 3228.0,
      "d": 1600.0
     }
    ]
   },
   {
    "outer_bounds": [
     -2.75,
     6.022247580571377,
     2.75,
     9.322247765345674
    ],
    "outer_w": 5500.0,
    "outer_d": 3300.0,
    "holes": [
     {
      "bounds": [
       -1.614,
       6.6222,
       1.614,
       8.2222
      ],
      "w": 3228.0,
      "d": 1600.0
     }
    ]
   }
  ]
 }
}