{
 "segment": "PY1_8",
 "glb": "D:\\Projects\\Inspection\\mbi_app_v2\\models_3d\\viewer\\models\\PY1_8.glb",
 "bounds_el": [
  60.425,
  64.425
 ],
 "bbox_w": 17308.4,
 "bbox_d": 5500.0,
 "watertight": true,
 "volume_m3": 92.88,
 "slices": {
  "EL60.475": [
   {
    "outer_bounds": [
     -2.75,
     -8.645952246470552,
     2.75,
     -5.345952526612484
    ],
    "outer_w": 5500.0,
    "outer_d": 3300.0,
    "holes": [
     {
      "bounds": [
       -1.614,
       -7.546,
       1.614,
       -5.946
      ],
      "w": 3228.0,
      "d": 1600.0
     }
    ]
   },
   {
    "outer_bounds": [
     -2.75,
     5.345952526612484,
     2.75,
     8.645952246470552
    ],
    "outer_w": 5500.0,
    "outer_d": 3300.0,
    "holes": [
     {
      "bounds": [
       -1.614,
       5.946,
       1.614,
       7.546
      ],
      "w": 3228.0,
      "d": 1600.0
     }
    ]
   }
  ],
  "EL62.425": [
   {
    "outer_bounds": [
     -2.75,
     -8.32429995326529,
     2.75,
     -5.024300000949109
    ],
    "outer_w": 5500.0,
    "outer_d": 3300.0,
    "holes": [
     {
      "bounds": [
       -1.614,
       -7.2243,
       1.614,
       -5.6243
      ],
      "w": 3228.0,
      "d": 1600.0
     }
    ]
   },
   {
    "outer_bounds": [
     -2.75,
     5.024300000949109,
     2.75,
     8.32429995326529
    ],
    "outer_w": 5500.0,
    "outer_d": 3300.0,
    "holes": [
     {
      "bounds": [
       -1.614,
       5.6243,
       1.614,
       7.2243
      ],
      "w": 3228.0,
      "d": 1600.0
     }
    ]
   }
  ],
  "EL64.375": [
   {
    "outer_bounds": [
     -2.75,
     -8.00264766006003,
     2.75,
     -4.702647475285732
    ],
    "outer_w": 5500.0,
    "outer_d": 3300.0,
    "holes": [
     {
      "bounds": [
       -1.614,
       -6.9026,
       1.614,
       -5.3026
      ],
      "w": 3228.0,
      "d": 1600.0
     }
    ]
   },
   {
    "outer_bounds": [
     -2.75,
     4.702647475285732,
     2.75,
     8.00264766006003
    ],
    "outer_w": 5500.0,
    "outer_d": 3300.0,
    "holes": [
     {
      "bounds": [
       -1.614,
       5.3026,
       1.614,
       6.9026
      ],
      "w": 3228.0,
      "d": 1600.0
     }
    ]
   }
  ]
 }
}