{
 "segment": "PY1_3",
 "glb": "D:\\Projects\\Inspection\\mbi_app_v2\\models_3d\\viewer\\models\\PY1_3.glb",
 "bounds_el": [
  40.425,
  44.425
 ],
 "bbox_w": 23906.4,
 "bbox_d": 5500.0,
 "watertight": true,
 "volume_m3": 92.88,
 "slices": {
  "EL40.500": [
   {
    "outer_bounds": [
     -2.7499999999999982,
     -11.940829221291846,
     2.7500000000000027,
     -8.640829039497579
    ],
    "outer_w": 5500.0,
    "outer_d": 3300.0,
    "holes": [
     {
      "bounds": [
       -1.614,
       -10.8408,
       1.614,
       -9.2408
      ],
      "w": 3228.0,
      "d": 1600.0
     }
    ]
   },
   {
    "outer_bounds": [
     -2.7500000000000027,
     8.640829039497579,
     2.749999999999998,
     11.940829221291846
    ],
    "outer_w": 5500.0,
    "outer_d": 3300.0,
    "holes": [
     {
      "bounds": [
       -1.614,
       9.2408,
       1.614,
       10.8408
      ],
      "w": 3228.0,
      "d": 1600.0
     }
    ]
   }
  ],
  "EL42.400": [
   {
    "outer_bounds": [
     -2.75,
     -11.627423969788856,
     2.75,
     -8.327424014492237
    ],
    "outer_w": 5500.0,
    "outer_d": 3300.0,
    "holes": [
     {
      "bounds": [
       -1.614,
       -10.5274,
       1.614,
       -8.9274
      ],
      "w": 3228.0,
      "d": 1600.0
     }
    ]
   },
   {
    "outer_bounds": [
     -2.75,
     8.327424014492237,
     2.75,
     11.627423969788856
    ],
    "outer_w": 5500.0,
    "outer_d": 3300.0,
    "holes": [
     {
      "bounds": [
       -1.614,
       8.9274,
       1.614,
       10.5274
      ],
      "w": 3228.0,
      "d": 1600.0
     }
    ]
   }
  ],
  "EL44.400": [
   {
    "outer_bounds": [
     -2.75,
     7.997523988170826,
     2.75,
     11.297523705048865
    ],
    "outer_w": 5500.0,
    "outer_d": 3300.0,
    "holes": [
     {
      "bounds": [
       -1.614,
       8.5975,
       1.614,
       10.1975
      ],
      "w": 3228.0,
      "d": 1600.0
     }
    ]
   },
   {
    "outer_bounds": [
     -2.75,
     -11.297523705048865,
     2.75,
     -7.997523988170826
    ],
    "outer_w": 5500.0,
    "outer_d": 3300.0,
    "holes": [
     {
      "bounds": [
       -1.614,
       -10.1975,
       1.614,
       -8.5975
      ],
      "w": 3228.0,
      "d": 1600.0
     }
    ]
   }
  ]
 }
}