{
 "segment": "PY1_a",
 "glb": "D:\\Projects\\Inspection\\mbi_app_v2\\models_3d\\viewer\\models\\PY1_a.glb",
 "bounds_el": [
  4.871,
  8.871
 ],
 "bbox_w": 13600.0,
 "bbox_d": 6000.0,
 "watertight": true,
 "volume_m3": 172.22,
 "slices": {
  "EL4.900": [
   {
    "outer_bounds": [
     -2.999771624267101,
     -6.800000190734863,
     2.999771624267101,
     6.800000190734863
    ],
    "outer_w": 5999.5,
    "outer_d": 13600.0,
    "holes": [
     {
      "bounds": [
       -1.614,
       -5.7,
       1.614,
       5.7
      ],
      "w": 3228.0,
      "d": 11400.0
     }
    ]
   }
  ],
  "EL6.000": [
   {
    "outer_bounds": [
     -2.991109096467495,
     -6.800000190734863,
     2.991109096467495,
     6.800000190734863
    ],
    "outer_w": 5982.2,
    "outer_d": 13600.0,
    "holes": [
     {
      "bounds": [
       -1.614,
       -5.7,
       1.614,
       5.7
      ],
      "w": 3228.0,
      "d": 11400.0
     }
    ]
   }
  ],
  "EL8.800": [
   {
    "outer_bounds": [
     -2.9690590257048606,
     -6.800000190734863,
     2.9690590257048606,
     6.800000190734863
    ],
    "outer_w": 5938.1,
    "outer_d": 13600.0,
    "holes": [
     {
      "bounds": [
       -1.614,
       -5.7,
       1.614,
       -0.3
      ],
      "w": 3228.0,
      "d": 5400.0
     },
     {
      "bounds": [
       -1.614,
       0.3,
       1.614,
       5.7
      ],
      "w": 3228.0,
      "d": 5400.0
     }
    ]
   }
  ]
 }
}