{
 "segment": "PY1_21",
 "glb": "D:\\Projects\\Inspection\\mbi_app_v2\\models_3d\\viewer\\models\\PY1_21.glb",
 "bounds_el": [
  96.625,
  99.625
 ],
 "bbox_w": 5366.4,
 "bbox_d": 5500.0,
 "watertight": true,
 "volume_m3": 56.9,
 "slices": {
  "EL96.675": [
   {
    "outer_bounds": [
     -2.75,
     -2.6749528558989013,
     2.75,
     2.6749528558989013
    ],
    "outer_w": 5500.0,
    "outer_d": 5349.9,
    "holes": [
     {
      "bounds": [
       -0.95,
       -1.575,
       0.95,
       1.575
      ],
      "w": 1900.0,
      "d": 3149.9
     }
    ]
   }
  ],
  "EL98.125": [
   {
    "outer_bounds": [
     -2.7500000000000004,
     -2.4357995939194796,
     2.7500000000000004,
     2.4357995939194796
    ],
    "outer_w": 5500.0,
    "outer_d": 4871.6,
    "holes": [
     {
      "bounds": [
       -0.95,
       -1.3358,
       0.95,
       1.3358
      ],
      "w": 1900.0,
      "d": 2671.6
     }
    ]
   }
  ],
  "EL99.575": [
   {
    "outer_bounds": [
     -2.75,
     -2.1966463319400584,
     2.75,
     2.1966463319400584
    ],
    "outer_w": 5500.0,
    "outer_d": 4393.3,
    "holes": [
     {
      "bounds": [
       -0.95,
       -1.0966,
       0.95,
       1.0966
      ],
      "w": 1900.0,
      "d": 2193.3
     }
    ]
   }
  ]
 }
}