{
 "segment": "PY1_22",
 "glb": "D:\\Projects\\Inspection\\mbi_app_v2\\models_3d\\viewer\\models\\PY1_22.glb",
 "bounds_el": [
  99.625,
  103.307
 ],
 "bbox_w": 4376.8,
 "bbox_d": 5500.0,
 "watertight": true,
 "volume_m3": 55.23,
 "slices": {
  "EL99.675": [
   {
    "outer_bounds": [
     -2.75,
     -2.1801527886644503,
     2.75,
     2.1801527886644503
    ],
    "outer_w": 5500.0,
    "outer_d": 4360.3,
    "holes": [
     {
      "bounds": [
       -0.95,
       -1.0802,
       0.95,
       1.0802
      ],
      "w": 1900.0,
      "d": 2160.3
     }
    ]
   }
  ],
  "EL101.466": [
   {
    "outer_bounds": [
     -2.7500000000000004,
     -1.8847495807359498,
     2.7500000000000004,
     1.8847495807359498
    ],
    "outer_w": 5500.0,
    "outer_d": 3769.5,
    "holes": [
     {
      "bounds": [
       -0.95,
       -0.7847,
       0.95,
       0.7847
      ],
      "w": 1900.0,
      "d": 1569.5
     }
    ]
   }
  ],
  "EL103.257": [
   {
    "outer_bounds": [
     -2.75,
     -1.5893463728074473,
     2.75,
     1.5893463728074473
    ],
    "outer_w": 5500.0,
    "outer_d": 3178.7,
    "holes": [
     {
      "bounds": [
       -0.95,
       -0.4893,
       0.95,
       0.4893
      ],
      "w": 1900.0,
      "d": 978.7
     }
    ]
   }
  ]
 }
}