{
 "segment": "PY1_10",
 "glb": "D:\\Projects\\Inspection\\mbi_app_v2\\models_3d\\viewer\\models\\PY1_10.glb",
 "bounds_el": [
  68.425,
  72.425
 ],
 "bbox_w": 14669.2,
 "bbox_d": 5500.0,
 "watertight": true,
 "volume_m3": 92.88,
 "slices": {
  "EL68.475": [
   {
    "outer_bounds": [
     -2.75,
     -7.3263526120617035,
     2.75,
     -4.026352424307022
    ],
    "outer_w": 5500.0,
    "outer_d": 3300.0,
    "holes": [
     {
      "bounds": [
       -1.614,
       -6.2264,
       1.614,
       -4.6264
      ],
      "w": 3228.0,
      "d": 1600.0
     }
    ]
   },
   {
    "outer_bounds": [
     -2.75,
     4.026352424307022,
     2.75,
     7.3263526120617035
    ],
    "outer_w": 5500.0,
    "outer_d": 3300.0,
    "holes": [
     {
      "bounds": [
       -1.614,
       4.6264,
       1.614,
       6.2264
      ],
      "w": 3228.0,
      "d": 1600.0
     }
    ]
   }
  ],
  "EL70.425": [
   {
    "outer_bounds": [
     -2.75,
     -7.004700086398326,
     2.75,
     -3.7047000148727016
    ],
    "outer_w": 5500.0,
    "outer_d": 3300.0,
    "holes": [
     {
      "bounds": [
       -1.614,
       -5.9047,
       1.614,
       -4.3047
      ],
      "w": 3228.0,
      "d": 1600.0
     }
    ]
   },
   {
    "outer_bounds": [
     -2.75,
     3.7047000148727016,
     2.75,
     7.004700086398326
    ],
    "outer_w": 5500.0,
    "outer_d": 3300.0,
    "holes": [
     {
      "bounds": [
       -1.614,
       4.3047,
       1.614,
       5.9047
      ],
      "w": 3228.0,
      "d": 1600.0
     }
    ]
   }
  ],
  "EL72.375": [
   {
    "outer_bounds": [
     -2.75,
     3.3830476054383825,
     2.75,
     6.68304756073495
    ],
    "outer_w": 5500.0,
    "outer_d": 3300.0,
    "holes": [
     {
      "bounds": [
       -1.614,
       3.983,
       1.614,
       5.583
      ],
      "w": 3228.0,
      "d": 1600.0
     }
    ]
   },
   {
    "outer_bounds": [
     -2.75,
     -6.68304756073495,
     2.75,
     -3.3830476054383825
    ],
    "outer_w": 5500.0,
    "outer_d": 3300.0,
    "holes": [
     {
      "bounds": [
       -1.614,
       -5.583,
       1.614,
       -3.983
      ],
      "w": 3228.0,
      "d": 1600.0
     }
    ]
   }
  ]
 }
}